# name	role	phone	tablet	note
# role: runtime | host | reference | review
# target disposition: package:<package-id> | packages:<package-id>,<package-id> | gap:<reason> | n/a
# `review` is explicit unresolved classification debt and blocks readiness.
grease	runtime	package:grease-phone	package:grease-tablet	separate-bootstrap-runtime

oils	host	n/a	n/a	grease-source-and-host-build-input
ir	runtime	gap:android-package-missing	gap:android-package-missing	stable-runtime-command
irk	host	n/a	n/a	experimental-r-compiler-host-tool
ithon	runtime	gap:android-package-missing	gap:android-package-missing	stable-runtime-command
icky	host	n/a	n/a	ick-parser-host-component
ick	host	n/a	n/a	experimental-c-compiler-host-tool
Idric	runtime	gap:android-package-missing	gap:android-package-missing	compiler-interpreter-runtime
Idric-Net	host	n/a	n/a	ICU-networking-semantics-build-dependency
idric-cli	runtime	gap:android-package-missing	gap:android-package-missing	command-line-runtime
reddit	runtime	package:reddit-phone	package:reddit-tablet	direct-dex-jni-command
issh	runtime	gap:android-package-missing	gap:android-package-missing	libssh2-runtime-library-not-shell-command
fieldmouse	runtime	gap:android-package-missing	gap:android-package-missing	stable-runtime-command
idris-arm-backend	host	n/a	n/a	experimental-compiler-backend-not-delivery-prerequisite
idris-shader-backend	host	n/a	n/a	experimental-compiler-backend-not-delivery-prerequisite
sent.idr	runtime	gap:android-package-missing	gap:android-package-missing	presentation-application
programmers-keyboard	runtime	gap:android-package-missing	gap:android-package-missing	android-application
icu	runtime	gap:android-package-missing	gap:android-package-missing	stable-runtime-command

az	runtime	packages:az-phone,abe-phone	packages:az-tablet,abe-tablet	stable-command-suite
ib	runtime	gap:android-package-missing	gap:android-package-missing	browser-application
internetarchive	runtime	gap:android-package-missing	gap:android-package-missing	user-facing-tool
bookreader	runtime	gap:android-package-missing	gap:android-package-missing	browser-application
harvest-images-from-pdf	reference	n/a	n/a	superseded-historical-source-use-isomorphisms-pdf
ddg	runtime	gap:android-package-missing	gap:android-package-missing	user-facing-tool
chawan	runtime	gap:android-package-missing	gap:android-package-missing	browser-application
gopeed	runtime	gap:android-package-missing	gap:android-package-missing	optional-download-service-via-rest-api-not-bootstrap-prerequisite
manimi	host	n/a	n/a	desktop-animation-rendering-build-tool
wegert	runtime	gap:android-package-missing	gap:android-package-missing	android-mathematical-application
yt-shorts	host	n/a	n/a	publication-build-tool
ai-ci	host	n/a	n/a	build-test-policy-tool
computer-science	reference	n/a	n/a	reference-source
utilities-android-phone-user	runtime	gap:android-package-missing	gap:android-package-missing	android-runtime-applications

algebraic-variety-explorer-mobile	runtime	gap:android-package-missing	gap:android-package-missing	mathematical-application
learn-toki-pona	runtime	gap:android-package-missing	gap:android-package-missing	application
game	runtime	gap:android-package-missing	gap:android-package-missing	application
hegel	runtime	gap:android-package-missing	gap:android-package-missing	application
geofence	runtime	gap:android-package-missing	gap:android-package-missing	application
analytic-continuation	runtime	gap:android-package-missing	gap:android-package-missing	mathematical-application
non-poly	runtime	gap:android-package-missing	gap:android-package-missing	mathematical-application
coefficient-root-dance	runtime	gap:android-package-missing	gap:android-package-missing	mathematical-application
Cayley	runtime	gap:android-package-missing	gap:android-package-missing	mathematical-application
tablature	runtime	gap:android-package-missing	gap:android-package-missing	application
zoneedit	runtime	gap:android-package-missing	gap:android-package-missing	user-facing-tool
Conway	reference	n/a	n/a	reference-source
L	runtime	gap:android-package-missing	gap:android-package-missing	android-mathematical-application
soap	runtime	gap:android-package-missing	gap:android-package-missing	minimal-surfaces-game
klein-quartic	runtime	gap:android-package-missing	gap:android-package-missing	mathematical-application
hopf_fibration	runtime	gap:android-package-missing	gap:android-package-missing	mathematical-application
ortho	runtime	gap:android-package-missing	gap:android-package-missing	mathematical-application
kleinian-groups	runtime	gap:android-package-missing	gap:android-package-missing	mathematical-application
theta	runtime	gap:android-package-missing	gap:android-package-missing	mathematical-application
indras-pearls	runtime	gap:android-package-missing	gap:android-package-missing	mathematical-application
